Sport ,,Sport Persian,Competition,Country, Country Persian,Competition Persian
Football,SOCCER,فوتبال,Persha Liga,Ukraine,اوکراین,پرشا لیگ
Football,SOCCER,فوتبال,Liga Pari-Match,Ukraine,اوکراین,لیگ پری-مچ
Football,SOCCER,فوتبال,Liga 1,Romania,رومانی,لیگ ۱ رومانی
Football,SOCCER,فوتبال,Liga II,Romania,رومانی,لیگ ۲ رومانی
Football,SOCCER,فوتبال,Bundesliga,Germany,آلمان,بوندسلیگا آلمان
Football,SOCCER,فوتبال,3.Bundesliga,Germany,آلمان,لیگ ۳ آلمان
Football,SOCCER,فوتبال,2.Bundesliga,Germany,آلمان,بوندسلیگا ۲ آلمان
Football,SOCCER,فوتبال,Regional Liga West,Germany,آلمان,لیگ منطقه‌ای - غرب آلمان
Football,SOCCER,فوتبال,Regional Liga Südwest,Germany,آلمان,لیگ منطقه‌ای - جنوب غربی آلمان
Football,SOCCER,فوتبال,Regional Liga Bayern,Germany,آلمان,لیگ منطقه‌ای - بایرن آلمان
Football,SOCCER,فوتبال,Regional Liga Nord,Germany,آلمان,لیگ منطقه‌ای- نورد
Football,SOCCER,فوتبال,Oberliga Rheinland-Pfalz/Saar,Germany,آلمان,ابرلیگا رهیلند
Football,SOCCER,فوتبال,Bayernliga Nord,Germany,آلمان,بایرن لیگا نورد
Football,SOCCER,فوتبال,Bremen-Liga,Germany,آلمان,برمن لیگا
Football,SOCCER,فوتبال,Oberliga Hamburg,Germany,آلمان,ابرلیگا هامبورگ
Football,SOCCER,فوتبال,NOFV-Oberliga Nord,Germany,آلمان,ابرلیگا نورد
Football,SOCCER,فوتبال,Regional Liga Nordost,Germany,آلمان,لیگ منطقه‌ای- نوردست
Football,SOCCER,فوتبال,Bundesliga U19,Germany,آلمان,بوندسلیگا زیر ۱۹ سال آلمان
Football,SOCCER,فوتبال,Club Friendlies,International,بین المللی,باشگاهی دوستانه 
Football,SOCCER,فوتبال,UEFA Champions League - Group A,International,بین المللی,لیگ قهرمانان اروپا - گروه A
Football,SOCCER,فوتبال,UEFA Champions League - Group B,International,بین المللی,لیگ قهرمانان اروپا - گروه B
Football,SOCCER,فوتبال,UEFA Champions League - Group D,International,بین المللی,لیگ قهرمانان اروپا - گروه D
Football,SOCCER,فوتبال,UEFA Champions League - Group C,International,بین المللی,لیگ قهرمانان اروپا - گروه C
Football,SOCCER,فوتبال,UEFA Champions League - Group F,International,بین المللی,لیگ قهرمانان اروپا - گروه F
Football,SOCCER,فوتبال,UEFA Champions League - Group G,International,بین المللی,لیگ قهرمانان اروپا - گروه G
Football,SOCCER,فوتبال,UEFA Champions League - Group H,International,بین المللی,لیگ قهرمانان اروپا - گروه H
Football,SOCCER,فوتبال,UEFA Champions League - Group E,International,بین المللی,لیگ قهرمانان اروپا - گروه E
Football,SOCCER,فوتبال,UEFA Europa League - Group A,International,بین المللی,لیگ اروپا - گروه A
Football,SOCCER,فوتبال,UEFA Europa League - Group J,International,بین المللی,لیگ اروپا - گروه  J
Football,SOCCER,فوتبال,UEFA Europa League - Group I,International,بین المللی,لیگ اروپا - گروه I
Football,SOCCER,فوتبال,UEFA Europa League - Group H,International,بین المللی,لیگ اروپا - گروه H
Football,SOCCER,فوتبال,UEFA Europa League - Group K,International,بین المللی,لیگ اروپا - گروه K
Football,SOCCER,فوتبال,UEFA Europa League - Group B,International,بین المللی,لیگ اروپا - گروه B
Football,SOCCER,فوتبال,UEFA Europa League - Group F,International,بین المللی,لیگ اروپا - گروه F
Football,SOCCER,فوتبال,UEFA Europa League - Group G,International,بین المللی,لیگ اروپا - گروه G
Football,SOCCER,فوتبال,UEFA Europa League - Group C,International,بین المللی,لیگ اروپا - گروه C
Football,SOCCER,فوتبال,UEFA Europa League - Group D,International,بین المللی,لیگ اروپا - گروه D
Football,SOCCER,فوتبال,UEFA Europa League - Group L,International,بین المللی,لیگ اروپا - گروه L
Football,SOCCER,فوتبال,UEFA Europa League - Group E,International,بین المللی,لیگ اروپا - گروه E
Football,SOCCER,فوتبال,AFC Champion League - Final,International,بین المللی,لیگ قهرمانان آسیا - فینال 
Football,SOCCER,فوتبال,UEFA Champions League,International,بین المللی,لیگ قهرمانان اروپا 
Football,SOCCER,فوتبال,World Cup,International,بین المللی,جام جهانی 
Football,SOCCER,فوتبال,UEFA Europa League,International,بین المللی,لیگ اروپا 
Football,SOCCER,فوتبال,Belgian First Division A,Belgium,بلژیک,لیگ دسته اول بلژیک A
Football,SOCCER,فوتبال,Belgian First Division B,Belgium,بلژیک,لیگ دسته اول بلژیک B
Football,SOCCER,فوتبال,Reserve Pro League,Belgium,بلژیک,لیگ حرفه ای  رزرو
Football,SOCCER,فوتبال,First Amateurliga,Belgium,بلژیک,لیگ آماتور اول
Football,SOCCER,فوتبال,Premier League,England,انگلیس,لیگ برتر انگلیس
Football,SOCCER,فوتبال,The Championship,England,انگلیس,چمپونشیپ 
Football,SOCCER,فوتبال,National League,England,انگلیس,لیگ ملی انگلیس
Football,SOCCER,فوتبال,League One,England,انگلیس,لیگ یک انگلیس
Football,SOCCER,فوتبال,League Two,England,انگلیس,لیگ دو انگلیس
Football,SOCCER,فوتبال,National League North,England,انگلیس,لیگ ملی شمال انگلیس
Football,SOCCER,فوتبال,National League South,England,انگلیس,لیگ ملی جنوب انگلیس
Football,SOCCER,فوتبال,Ryman Isthmian League,England,انگلیس,لیگ ریمان ایسمین
Football,SOCCER,فوتبال,Northern Premier League,England,انگلیس,لیگ برتر شمال انگلیس
Football,SOCCER,فوتبال,Southern League,England,انگلیس,لیگ ملی جنوب انگلیس 
Football,SOCCER,فوتبال,Premier League 2 - Division 1,England,انگلیس,لیگ برتر ۲ انگلیس
Football,SOCCER,فوتبال,Premier League Shillong,India,هند, لیگ برتر شیلونگ
Football,SOCCER,فوتبال,Mizoram Premier League,India,هند,لیگ برتر میزورام
Football,SOCCER,فوتبال,Indian Super League,India,هند,سوپر لیگ هند
Football,SOCCER,فوتبال,II Liga,Czech Republic,جمهوری چک,لیگ ۲ جمهوری چک
Football,SOCCER,فوتبال,Synot liga,Czech Republic,جمهوری چک,لیگ سینت
Football,SOCCER,فوتبال,CFL,Czech Republic,جمهوری چک,لیگ برتر  جمهوری چک
Football,SOCCER,فوتبال,Czech liga U19,Czech Republic,جمهوری چک,لیگ زیر ۱۹ سال جمهوری چک
Football,SOCCER,فوتبال,Czech Republic. 5 Liga,Czech Republic,جمهوری چک,لیگ ۵ جمهوری چک
Football,SOCCER,فوتبال,Professional League,Saudi Arabia,عربستان سعودی,لیگ حرفه‌ای عربستان سعودی
Football,SOCCER,فوتبال,Premiere League - Regular,Russia,روسیه,لیگ برتر روسیه
Football,SOCCER,فوتبال,FNL,Russia,روسیه,لیگ ملی روسیه
Football,SOCCER,فوتبال,Division 2 - South,Russia,روسیه,لیگ دسته دوم - جنوب روسیه
Football,SOCCER,فوتبال,Premier League U21,Russia,روسیه,لیگ برتر جوانان روسیه
Football,SOCCER,فوتبال,Liga 2,Indonesia,اندونزی,لیگ ۲ اندونزی 
Football,SOCCER,فوتبال,Serie A,Italy,ایتالیا,سری آ ایتالیا
Football,SOCCER,فوتبال,Serie B,Italy,ایتالیا,سری بی ایتالیا
Football,SOCCER,فوتبال,Serie C - Group C,Italy,ایتالیا,لیگ پرو ایتالیا  گروه سی
Football,SOCCER,فوتبال,Serie C - Group A,Italy,ایتالیا,لیگ پرو ایتالیا  گروه آ
Football,SOCCER,فوتبال,Serie C - Group B,Italy,ایتالیا,لیگ پرو ایتالیا  گروه بی
Football,SOCCER,فوتبال,Campionato Primavera 2-B,Italy,ایتالیا,کامپیوناتو پریماورا ایتالیا  ۲-بی
Football,SOCCER,فوتبال,Campionato Primavera 1,Italy,ایتالیا,کامپیوناتو پریماورا ایتالیا   ۱
Football,SOCCER,فوتبال,Campionato Primavera 2-A,Italy,ایتالیا,کامپیوناتو پریماورا ایتالیا  ۲-آ
Football,SOCCER,فوتبال,LaLiga,Spain,اسپانیا,لا لیگا اسپانیا
Football,SOCCER,فوتبال,LaLiga2,Spain,اسپانیا,سگوندا دیویژن اسپانیا 
Football,SOCCER,فوتبال,Segunda Division B2,Spain,اسپانیا,سگوندا دیویژن اسپانیا  بی ۲ 
Football,SOCCER,فوتبال,Segunda Division B3,Spain,اسپانیا,سگوندا دیویژن اسپانیا  بی ۳ 
Football,SOCCER,فوتبال,Segunda Division B4,Spain,اسپانیا,سگوندا دیویژن اسپانیا  بی ۴ 
Football,SOCCER,فوتبال,Tercera Division,Spain,اسپانیا,ترسرا دیویژن اسپانیا
Football,SOCCER,فوتبال,Primera División Femenina,Spain,اسپانیا,پریمرا دیویژن - زنان اسپانیا
Football,SOCCER,فوتبال,Ligue 1,France,فرانسه,لیگ ۱ فرانسه
Football,SOCCER,فوتبال,Ligue 2,France,فرانسه,لیگ ۲ فرانسه
Football,SOCCER,فوتبال,Championnat National U19,France,فرانسه,لیگ قهرمانان ملی زیر۱۹ سال فرانسه
Football,SOCCER,فوتبال,National,France,فرانسه,لیگ ملی فرانسه
Football,SOCCER,فوتبال,Division 1 Women,France,فرانسه,لیگ دسته ۱ - زنان فرانسه
Football,SOCCER,فوتبال,National 2,France,فرانسه,لیگ ملی فرانسه  ۲
Football,SOCCER,فوتبال,A-League,Australia,استرالیا,ای-لیگ استرالیا‌
Football,SOCCER,فوتبال,Women W-League,Australia,استرالیا,لیگ زنان استرالیا
Football,SOCCER,فوتبال,FFA Cup,Australia,استرالیا,جام حذفی استرالیا
Football,SOCCER,فوتبال,First Division,UAE,امارات متحده عربی,لیگ دسته اول امارات
Football,SOCCER,فوتبال,Pro-League,UAE,امارات متحده عربی,لیگ برتر امارات
Football,SOCCER,فوتبال,League 2,Scotland,اسکاتلند,لیگ دو اسکاتلند
Football,SOCCER,فوتبال,Premiership League,Scotland,اسکاتلند,لیگ برتر اسکاتلند
Football,SOCCER,فوتبال,Championship League,Scotland,اسکاتلند,چمپیونشیپ اسکاتلند
Football,SOCCER,فوتبال,FA Cup,Scotland,اسکاتلند,جام حذفی اسکاتلند
Football,SOCCER,فوتبال,2. HNL,Croatia,کرواسی,لیگ ۲ کرواسی
Football,SOCCER,فوتبال,1. HNL,Croatia,کرواسی,لیگ ۱ کرواسی
Football,SOCCER,فوتبال,Second Division,Egypt,مصر,دسته ۲
Football,SOCCER,فوتبال,Premier League,Egypt,مصر,لیگ برتر مصر
Football,SOCCER,فوتبال,Eredivisie,Netherlands,هلند,لیگ برتر هلند
Football,SOCCER,فوتبال,Women Eredivisie,Netherlands,هلند,لیگ برتر - زنان هلند
Football,SOCCER,فوتبال,Jupiler League,Netherlands,هلند,لیگ ژوپیلر
Football,SOCCER,فوتبال,Tweede Divisie,Netherlands,هلند,لیگ دسته دوم هلند
Football,SOCCER,فوتبال,ALKA Superliga Regular,Denmark,دانمارک,سوپر لیگ دانمارک
Football,SOCCER,فوتبال,Bet25 Liga,Denmark,دانمارک,لیگ دسته اول دانمارک
Football,SOCCER,فوتبال,Sudan Premier League,Sudan,سودان,لیگ برتر سودان
Football,SOCCER,فوتبال,J-League Division 2,Japan,ژاپن,جی‌لیگ ۲ ژاپن
Football,SOCCER,فوتبال,Nabisco Cup Women,Japan,ژاپن,جام نابیسکو - زنان
Football,SOCCER,فوتبال,J-League Division 1,Japan,ژاپن,جی‌لیگ ۱ ژاپن
Football,SOCCER,فوتبال,Thai Premier League,Thailand,تایلند,لیگ برتر تایلند
Football,SOCCER,فوتبال,Super League,Switzerland,سوئیس,سوپر لیگ سوئیس
Football,SOCCER,فوتبال,Challenge League,Switzerland,سوئیس,چلنج لیگ سوئیس
Football,SOCCER,فوتبال,Série B,Brazil,برزیل,سری بی برزیل
Football,SOCCER,فوتبال,Paulista U20,Brazil,برزیل,لیگ زیر ۲۰ سال برزیل
Football,SOCCER,فوتبال,Paulista Cup,Brazil,برزیل,کوپا پائولیستا برزیل
Football,SOCCER,فوتبال,tipp3-Bundesliga,Austria,اتریش,بوندسلیگا اتریش
Football,SOCCER,فوتبال,Austria - Landesliga,Austria,اتریش,لندسلیگا اتریش
Football,SOCCER,فوتبال,Regionalleague Ost,Austria,اتریش,لیگ منطقه‌ای
Football,SOCCER,فوتبال,Erste Liga,Austria,اتریش,لیگ دسته اول اتریش
Football,SOCCER,فوتبال,1.division,Poland,لهستان,لیگ ۱ لهستان
Football,SOCCER,فوتبال,2.division,Poland,لهستان,لیگ ۲ لهستان
Football,SOCCER,فوتبال,LOTTO Ekstraklasa,Poland,لهستان,لیگ برتر لهستان
Football,SOCCER,فوتبال,3.division Pomorsko - zachodniopomorska,Poland,لهستان,لیگ ۳ لهستان غربی
Football,SOCCER,فوتبال,3.division Dolnoslasko - lubuska,Poland,لهستان,لیگ ۳ لهستان لابوسکا
Football,SOCCER,فوتبال,Women Ekstraliga,Poland,لهستان,لیگ برتر - زنان لهستان
Football,SOCCER,فوتبال,Centralna Liga U19,Poland,لهستان,لیگ مرکزی زیر ۱۹ سال
Football,SOCCER,فوتبال,3.division Opolsko - slaska,Poland,لهستان,لیگ ۳ لهستان سلاسکا
Football,SOCCER,فوتبال,3.division Kujawsko - pomorsko - wielkopolska,Poland,لهستان,لیگ ۳ لهستان 
Football,SOCCER,فوتبال,Segunda Liga,Portugal,پرتغال,لیگ دسته دوم پرتغال
Football,SOCCER,فوتبال,Primeira Liga,Portugal,پرتغال,لیگ برتر پرتغال
Football,SOCCER,فوتبال,Portugal. Taca de Portugal,Portugal,پرتغال,جام حذفی پرتغال
Football,SOCCER,فوتبال,Prva Liga,Slovenia,اسلوونی,لیگ دسته اول اسلوونی
Football,SOCCER,فوتبال,MLS - Playoffs,United States,آمریکا,ام ال اس 
Football,SOCCER,فوتبال,Tercera Division,Chile,شیلی,ترسرا دیویژن شیلی
Football,SOCCER,فوتبال,Welsh Premier League,Wales,ولز,لیگ برتر ولز
Football,SOCCER,فوتبال,1st Division,Wales,ولز,لیگ دسته اول ولز
Football,SOCCER,فوتبال,Primera C Metropolitana,Argentina,آرژانتین,لیگ سی آرژانتین
Football,SOCCER,فوتبال,Primera B Metropolitana,Argentina,آرژانتین,لیگ بی آرژانتین
Football,SOCCER,فوتبال,Primera D Metropolitana,Argentina,آرژانتین,لیگ دی آرژانتین
Football,SOCCER,فوتبال,Federal A - Group 2,Argentina,آرژانتین,لیگ فدرال آ - گروه ۲
Football,SOCCER,فوتبال,Federal A - Group 3,Argentina,آرژانتین,لیگ فدرال آ - گروه ۳
Football,SOCCER,فوتبال,Torneo Federal B,Argentina,آرژانتین,لیگ تورنئو فدرال بی آرژانتین
Football,SOCCER,فوتبال,Superliga,Argentina,آرژانتین,سوپر لیگ آرژانتین
Football,SOCCER,فوتبال,Allsvenskan Kval,Sweden,سوئد,لیگ برتر سوئد
Football,SOCCER,فوتبال,Campeonato Serie B,Ecuador,اکوادور,سری بی اکوادور
Football,SOCCER,فوتبال,Copa Pilsener Serie A,Ecuador,اکوادور,سری آ اکوادور
Football,SOCCER,فوتبال,Qualification Eliteserien,Norway,نروژ, مقدماتی لیگ برتر  نروژ
Football,SOCCER,فوتبال,Tippeligaen,Norway,نروژ,لیگ برتر  نروژ
Football,SOCCER,فوتبال,NM Cupen Women,Norway,نروژ,جام حذفی زنان
Football,SOCCER,فوتبال,II Liga,Slovakia,اسلواکی,لیگ ۲ اسلواکی
Football,SOCCER,فوتبال,Fortuna liga,Slovakia,اسلواکی,سوپر لیگ اسلواکی
Football,SOCCER,فوتبال,Segunda Division,Mexico,مکزیک,لیگ دسته دوم مکزیک
Football,SOCCER,فوتبال,Liga MX - Apertura,Mexico,مکزیک,لیگ برتر مکزیک
Football,SOCCER,فوتبال,U20 League,Mexico,مکزیک,لیگ زیر ۲۰ سال مکزیک
Football,SOCCER,فوتبال,Championship Playoffs,Northern Ireland,ایرلند شمالی,لیگ قهرمانی ایرلند شمالی
Football,SOCCER,فوتبال,LFPB,Bolivia,بولیوی,لیگ حرفه‌ای بولیوی
Football,SOCCER,فوتبال,Division Profesional,Paraguay,پاراگوئه,لیگ حرفه‌ای پاراگوئه
Football,SOCCER,فوتبال,Reserve League,Panama,پاناما,لیگ رزرو پاناما
Football,SOCCER,فوتبال,Jelen Super lige,Serbia,صربستان,سوپر لیگ صربستان
Football,SOCCER,فوتبال,Premier Division,Gibraltar,جبل الطارق,لیگ برتر جبل طارق
Football,SOCCER,فوتبال,Premier League,New Zealand,نیوزیلند,پرمیرشیپ نیوزلند
Football,SOCCER,فوتبال,ASB Youth League,New Zealand,نیوزیلند,لیگ جوانان نیوزیلند
Football,SOCCER,فوتبال,Torneo de Invierno,Costa Rica,کاستاریکا,لیگ برتر کاستاریکا
Football,SOCCER,فوتبال,Leinster League,Ireland,ایرلند,لیگ لینستر
Football,SOCCER,فوتبال,U21 Division,Algeria,الجزایر, لیگ زیر ۲۱ سال الجزایر
Football,SOCCER,فوتبال,Division 2,Algeria,الجزایر,لیگ ۲ الجزایر
Football,SOCCER,فوتبال,Ligue 1,Algeria,الجزایر,لیگ ۱ الجزایر
Football,SOCCER,فوتبال,Division di Honor,Aruba,آروبا,لیگ برتر آروبا
Football,SOCCER,فوتبال,Premier League,Azerbaijan,آذربایجان,لیگ برتر آذربایجان
Football,SOCCER,فوتبال,Hungary U19 Osztaly,Hungary,مجارستان,لیگ زیر ۱۹ سال مجارستان
Football,SOCCER,فوتبال,Liga NB1,Hungary,مجارستان,لیگ دسته اول مجارستان
Football,SOCCER,فوتبال,First Division,Hong Kong,هنگ کنگ,لیگ برتر هنگ کنگ
Football,SOCCER,فوتبال,Premier League,Kenya,کنیا,لیگ برتر کنیا
Football,SOCCER,فوتبال,Premier League,Belarus,بلاروس,لیگ برتر بلاروس
Football,SOCCER,فوتبال,Premier League,Uganda,اوگاندا,سوپر لیگ اوگاندا
Football,SOCCER,فوتبال,3. Lig,Turkey,ترکیه,لیگ ۳ ترکیه
Football,SOCCER,فوتبال,2. Ligi - Group 1 (Beyaz),Turkey,ترکیه,لیگ ۲ ترکیه گروه ۱
Football,SOCCER,فوتبال,2. Ligi - Group 2 (Kirmizi),Turkey,ترکیه,لیگ ۲ ترکیه  گروه ۲
Football,SOCCER,فوتبال,Süper Lig,Turkey,ترکیه,سوپر لیگ ترکیه
Football,SOCCER,فوتبال,1. Lig,Turkey,ترکیه,لیگ ۱ ترکیه
Football,SOCCER,فوتبال,U21 Ligi - Süper Lig Group,Turkey,ترکیه,سوپر لیگ زیر ۲۱ سال ترکیه
Football,SOCCER,فوتبال,Super League,Greece,یونان,سوپر لیگ یونان
Football,SOCCER,فوتبال,First League,Bulgaria,بلغارستان,لیگ دسته اول بلغارستان
Football,SOCCER,فوتبال,Primera Division,Venezuela,ونزوئلا,لیگ برتر ونزوئلا
Football,SOCCER,فوتبال,Segunda División,Venezuela,ونزوئلا,لیگ دسته دوم ونزوئلا
Football,SOCCER,فوتبال,Primera División Clausura,Peru,پرو,لیگ برتر پرو
Football,SOCCER,فوتبال,Stars League,Qatar,قطر,لیگ ستارگان قطر
Football,SOCCER,فوتبال,Q League,Qatar,قطر,لیگ کیو قطر
Football,SOCCER,فوتبال,S-League,Singapore,سنگاپور,اس‌لیگ سنگاپور
Football,SOCCER,فوتبال,Premier Division,Antigua and Barbuda,آنتیگوا و باربودا,لیگ برتر
Football,SOCCER,فوتبال,Liga Nacional Apertura,Guatemala,گواتمالا,لیگ ناسیونال گواتمالا
Football,SOCCER,فوتبال,K League Classic Relegation Round,South Korea,کره جنوبی,کی‌لیگ کلاسیک کره جنوبی
Football,SOCCER,فوتبال,K League Classic Championship Round,South Korea,کره جنوبی,کی‌لیگ کلاسیک  چمپیونشیپ کره جنوبی
Football,SOCCER,فوتبال,First League,Montenegro,مونته نگرو,لیگ دسته اول مونته‌نگرو
Football,SOCCER,فوتبال,B Kategoria,Cyprus,قبرس,لیگ دسته دوم قبرس
Football,SOCCER,فوتبال,Elite 2,Morocco,مراکش,لیگ دسته دوم مراکش
Football,SOCCER,فوتبال,Botola Pro,Morocco,مراکش,لیگ دسته اول مراکش
Football,SOCCER,فوتبال,Coupe du Trone,Morocco,مراکش,جام حذفی مراکش
Football,SOCCER,فوتبال,Premier League,Malta,مالت,لیگ برتر مالت
Football,SOCCER,فوتبال,First Division,Malta,مالت,لیگ دسته اول مالت
Football,SOCCER,فوتبال,Champions League,Sri Lanka,سری لانکا,لیگ قهرمانان سری لانکا
Football,SOCCER,فوتبال,Rwanda National Football league,Rwanda,رواندا,لیگ ملی رواندا 
Football,SOCCER,فوتبال,Ligue 1,Tunisia,تونس,لیگ  ۱ تونس
Tennis,TENNIS,تنیس,ITF Women Toyota, Doubles W-WITF-JPN-13A,Japan,ژاپن,آی‌تی‌اف زنان - دابل تویوتا ژاپن ۱۳ آ
Tennis,TENNIS,تنیس,ATP - Challenger Tour - Internazionali Citta di Brescia - Brescia,Italy,ایتالیا,ای تی پی-بین المللی شهر برشا ایتالیا
Tennis,TENNIS,تنیس,WTA Tour - OEC Taipei WTA Ladies Open - Taipei,Taiwan,تایوان,دبلیوتی‌ای او ای سی آزاد تایپه
Tennis,TENNIS,تنیس,WTA Double - OEC Taipei WTA Ladies Open - Taipei,Taiwan,تایوان,دبلیوتی‌ای او ای سی آزاد تایپه(دو نفره)
Tennis,TENNIS,تنیس,WTA Tour - Shenzhen Open - Shenzhen,China,چین,دبلیوتی‌ای-آ زاد شنزن
Tennis,TENNIS,تنیس,WTA Tour - Hawaii Open - Honnolulu,United States,آمریکا,دبلیوتی‌ای - آزاد هاوایی- هونولولو
Tennis,TENNIS,تنیس,WTA Tour - Volvo Car Open - Charleston,United States,آمریکا,دبلیوتی‌ای- آزاد ولوو چارلستون  
Tennis,TENNIS,تنیس,ATP Tour - Delray Beach Open - Delray Beach,United States,آمریکا,ای تی پی دلری بیچ
Tennis,TENNIS,تنیس,ATP Tour - Memphis Open - Memphis,United States,آمریکا,ای تی پی آزاد ممفیس
Tennis,TENNIS,تنیس,ITF Women Norman, Singles W-WITF-USA-41A,United States,آمریکا,آی‌تی‌اف زنان - نورمن آمریکا
Tennis,TENNIS,تنیس,ATP - Challenger Tour - JSM Challenger - Champaign-Urbana,United States,آمریکا,ای تی پی چلنجر- جی اس ام شمپین اوربانا
Tennis,TENNIS,تنیس,ITF Women Norman, Doubles W-WITF-USA-41A,United States,آمریکا,آی‌تی‌اف زنان - نورمن آمریکا -  دو نفره
Tennis,TENNIS,تنیس,ITF Men Mexico F5, Singles,Mexico,مکزیک,آی تی اف مردان مکزیک
Tennis,TENNIS,تنیس,ITF Men Mexico F5, Doubles,Mexico,مکزیک,آی تی اف مردان مکزیک ( دو نفره)
Tennis,TENNIS,تنیس,ATP Tour - APIA International - Sydney,Australia,استرالیا,ای تی پی - بین المللی آپیا - سیدنی 
Tennis,TENNIS,تنیس,WTA Tour - St.Petersburg Ladies Trophy - St.Petersburg,France,فرانسه,دبلیوتی‌ای - سن پترزبورگ 
Tennis,TENNIS,تنیس,ATP Tour - Open Sud de France - Montpellier,France,فرانسه,ای تی پی - مونپلیه - جنوب فرانسه
Tennis,TENNIS,تنیس,ATP Tour - French Open,France,فرانسه,ای تی پی آزاد فرانسه
Tennis,TENNIS,تنیس,WTA Tour - Internationaux de Strasbourg - Strasbourg,France,فرانسه,دبلیوتی‌ای - بین المللی استراسبورگ
Tennis,TENNIS,تنیس,ATP Tour - Open 13 - Marseille,France,فرانسه,ای تی پی آزاد ۱۳ مارسی 
Tennis,TENNIS,تنیس,ITF Women Hammamet, Singles W-WITF-TUN-35A,Tunisia,تونس,آی تی اف حمامات 
Tennis,TENNIS,تنیس,ITF Women Hammamet, Doubles W-WITF-TUN-35A,Tunisia,تونس,آی تی اف حمامات - دونفره
Tennis,TENNIS,تنیس,ITF Men Tunisia F35, Doubles,Tunisia,تونس,آی تی اف تونس- دونفره
Tennis,TENNIS,تنیس,ATP Tour - Estoril Open,Portugal,پرتغال,ای تی پی- آزاد اشتوریل
Tennis,TENNIS,تنیس,WTA Tour - TEB BNP Paribas Istanbul Cup - Istanbul,Turkey,ترکیه,دبلیوتی‌ای - کاپ پاریبا - استانبول
Tennis,TENNIS,تنیس,ATP Tour - TEB BNP Paribas Istanbul Open - Istanbul,Turkey,ترکیه,ای تی پی- آزاد پاریبا - استانبول
Tennis,TENNIS,تنیس,ITF Women Antalya, Singles W-WITF-TUR-40A,Turkey,ترکیه,آی تی اف زنان آنتالیا
Tennis,TENNIS,تنیس,ITF Men Egypt F34, Singles,Egypt,مصر,آی تی اف مردان مصر 
Tennis,TENNIS,تنیس,ITF Women Sharm El Sheikh, Singles W-WITF-EGY-34A,Egypt,مصر,آی تی اف زنان شرم‌الشیخ
Tennis,TENNIS,تنیس,ITF Men Egypt F34, Doubles,Egypt,مصر,آی تی اف مردان مصر( دو نفره)
Tennis,TENNIS,تنیس,ITF Women Sharm El Sheikh, Doubles W-WITF-EGY-34A,Egypt,مصر,آی تی اف زنان شرم‌الشیخ( دو نفره)
Tennis,TENNIS,تنیس,WTA Tour - Mallorca Open - Mallorca,Spain,اسپانیا,دبلیوتی‌ای-آزاد مایورکا
Tennis,TENNIS,تنیس,ATP Tour - Barcelona Open,Spain,اسپانیا,ای تی پی آزاد بارسلونا
Tennis,TENNIS,تنیس,ATP Tour - Mutua Madrid Open,Spain,اسپانیا, ای تی پی- آزاد موتوئو مادرید
Tennis,TENNIS,تنیس,ITF Women Benicarlo, Doubles W-WITF-ESP-21A,Spain,اسپانیا,آی تی اف زنان بنریکلو - دونفره
Tennis,TENNIS,تنیس,ATP Tour - Rio Open - Rio de Janeiro,Brazil,برزیل,ای تی پی- آزاد ریو دو ژانیرو
Tennis,TENNIS,تنیس,ITF Men Brazil F2, Singles,Brazil,برزیل,آی تی اف مردان برزیل
Tennis,TENNIS,تنیس,ITF Men Brazil F2, Doubles,Brazil,برزیل,آی تی اف مردان برزیل( دو نفره)
Tennis,TENNIS,تنیس,ATP Tour - Argentina Open - Buenos Aires,Argentina,آرژانتین,آی تی پی-آزاد آرژانتین بوئنوس آیرس
Tennis,TENNIS,تنیس,ITF Men Argentina F9, Doubles,Argentina,آرژانتین,آی تی اف مردان آرژانتین(دو نفره)
Tennis,TENNIS,تنیس,WTA Tour - Citi Open - Washington DC,International,بین المللی,دبلیوتی‌ای- آزاد واشینگتن، دی.سی.
Tennis,TENNIS,تنیس,WTA Tour - Brisbane International,International,بین المللی,دبلیوتی‌ای بین المللی بریزبن
Tennis,TENNIS,تنیس,ATP Tour - Brisbane International,International,بین المللی,ای تی پی-بین المللی بریزبن
Tennis,TENNIS,تنیس,WTA Tour - Abierto GNP Seguros - Monterrey,International,بین المللی,دبلیوتی‌ای - بیمه جی ان پی - آزاد مونتری 
Tennis,TENNIS,تنیس,WTA Tour - BNP Paribas WTA Finals,International,بین المللی,دبلیوتی‌ای- فینال بی‌ان‌پی پاریبا
Tennis,TENNIS,تنیس,ATP Tour - Barclays ATP World Tour Finals,International,بین المللی,ای تی پی- فینال تور جهانی بارکلیز
Tennis,TENNIS,تنیس,ATP Double - Nitto ATP World Tour Finals,International,بین المللی,ای تی پی - فینال تور جهانی  نیتو (دو نفره)
Tennis,TENNIS,تنیس,ATP - Challenger Tour - Dunlop World Challenge - Toyota,International,بین المللی,ای تی پی چلنجر - چالش دانلوپ تویوتا
Tennis,TENNIS,تنیس,ATP Tour - BMW Open - Munich,Germany,آلمان,ای تی پی - بی ام و آزاد مونیخ
Tennis,TENNIS,تنیس,ATP Tour - Ecuador Open - Quito,Ecuador,اکوادور,ای تی پی آزاد اکوادور کیتو
Tennis,TENNIS,تنیس,WTA Tour - ASB Classic - Auckland,New Zealand,نیوزیلند,دبلیوتی‌ای- ای اس بی کلاسیک آوکلند
Tennis,TENNIS,تنیس,ATP Tour - Aircel Chennai Open,India,هند,ای تی پی تور ایرسل آزاد چنای
Tennis,TENNIS,تنیس,ATP Challenger Tour - KPIT-MSLTA ATP Challenger - Pune,India,هند,ای تی پی چلنجر تور- کپیت مسلاتا پونا
Tennis,TENNIS,تنیس,WTA Tour - Aegon Classic  - Birmingham,Great Britain,بریتانیای کبیر,دبلیوتی‌ای- کلاسیک آئگون بیرمنگام
Tennis,TENNIS,تنیس,WTA Tour - AEGON Open - Nottingham,England,انگلیس,دبلیوتی‌ای -آزاد ناتینگهام 
Tennis,TENNIS,تنیس,ATP Tour - Masters Series Monte Carlo,Monaco,موناکو,ای تی پی - مسترز مونت کارلو
Tennis,TENNIS,تنیس,WTA Tour - ALYA WTA Malaysia Open - Kuala Lumpur,Malaysia,مالزی,دبلیوتی‌ای -آزاد مالزی -  کوالالامپور
Tennis,TENNIS,تنیس,ITF Men Greece F9, Singles,Greece,یونان,آی تی اف مردان یونان
Tennis,TENNIS,تنیس,ITF Men Czech Republic F10, Singles,Czech Republic,جمهوری چک,آی تی اف مردان جمهوری چک 
Tennis,TENNIS,تنیس,ITF Men Czech Republic F10, Doubles,Czech Republic,جمهوری چک,آی تی اف مردان جمهوری چک- دونفره
Tennis,TENNIS,تنیس,ITF Men Vietnam F2, Singles,Vietnam,ویتنام,آی تی اف مردان ویتنام 
Tennis,TENNIS,تنیس,ITF Men Kuwait F3, Singles,Kuwait,کویت,آی تی اف مردان کویت 
Tennis,TENNIS,تنیس,ITF Women Agadir, Doubles W-WITF-MAR-03A,Morocco,مراکش,آی تی اف زنان اگادیر - دونفره
Tennis,TENNIS,تنیس,ATP Challenger Tour - Movistar Open - Santiago 2,Chile,شیلی,ای تی پی چلنجر - آزاد سانتیاگو
Tennis,TENNIS,تنیس,ITF Women Dakar, Singles W-WITF-SEN-01A,Senegal,سنگال,آی تی اف زنان داکار 
Tennis,TENNIS,تنیس,ITF Women Dakar, Doubles W-WITF-SEN-01A,Senegal,سنگال,آی تی اف زنان داکار - دونفره
Tennis,TENNIS,تنیس,ITF Men Finland F4, Singles,Finland,فنلاند,آی تی اف مردان فنلاند 
Tennis,TENNIS,تنیس,ITF Women Helsinki, Singles W-WITF-FIN-03A,Finland,فنلاند,آی تی اف زنان هلسینکی 
Tennis,TENNIS,تنیس,ITF Men Finland F4, Doubles,Finland,فنلاند,آی تی اف مردان فنلاند - دونفره
Tennis,TENNIS,تنیس,ITF Women Helsinki, Doubles W-WITF-FIN-03A,Finland,فنلاند,آی تی اف زنان هلسینکی - دونفره
Tennis,TENNIS,تنیس,ITF Women Zawada (near Opole), Singles W-WITF-POL-07A,Poland,لهستان,آی تی اف زنان زاوادا 
Tennis,TENNIS,تنیس,ITF Women Zawada (near Opole), Doubles W-WITF-POL-07A,Poland,لهستان,آی تی اف زنان زاوادا - دونفره
Tennis,TENNIS,تنیس,ITF Women Oslo, Doubles W-WITF-NOR-01A,Norway,نروژ,آی تی اف زنان - اسلو - دونفره
Basketball,BASKETBALL,بسکتبال,NPB,Japan,ژاپن,ان پی بی  ژاپن
Basketball,BASKETBALL,بسکتبال,VTB United League,Russia,روسیه,لیگ وی تی بی یونایتد روسیه
Basketball,BASKETBALL,بسکتبال,RPBL Women,Russia,روسیه,لیگ حرفه ای بسکتبال روسیه
Basketball,BASKETBALL,بسکتبال,VTB U21 League,Russia,روسیه, لیگ وی تی بی زیر ۲۱ سال روسیه
Basketball,BASKETBALL,بسکتبال,Superleague Division 2 Woman,Russia,روسیه,سوپرلیگ ۲ - زنان روسیه
Basketball,BASKETBALL,بسکتبال,NKL,Lithuania,لیتوانی,ان کی ال لیتوانی
Basketball,BASKETBALL,بسکتبال,Esake A1,Greece,یونان,اسکائه لیگ آ۱ 
Basketball,BASKETBALL,بسکتبال,Women League,Greece,یونان,لیگ زنان یونان
Basketball,BASKETBALL,بسکتبال,1. Liga,Czech Republic,جمهوری چک,لیگ دسته یک
Basketball,BASKETBALL,بسکتبال,Liga Endesa,Spain,اسپانیا,لیگ اندسا
Basketball,BASKETBALL,بسکتبال,LEB Oro,Spain,اسپانیا,لیگ دسته دو بسکتبال اسپانیا
Basketball,BASKETBALL,بسکتبال,Liga Endesa - Playoffs,Spain,اسپانیا,لیگ اندسا - دوره حذفی
Basketball,BASKETBALL,بسکتبال,NLB League,International,بین المللی,لیگ ان ال بی
Basketball,BASKETBALL,بسکتبال,Euroleague - Regular Season,International,بین المللی,یورو لیگ- بازی های فصلی
Basketball,BASKETBALL,بسکتبال,Adriatic League Division 2,International,بین المللی,لیگ آدریاتیک دسته دو 
Basketball,BASKETBALL,بسکتبال,Champions League - Semi Finals,International,بین المللی,لیک قهرمانان- نیمه نهایی
Basketball,BASKETBALL,بسکتبال,Champions League - Quarter Finals,International,بین المللی,لیگ قهرامانان- یک چهارم نهایی
Basketball,BASKETBALL,بسکتبال,FIBA Africa Clubs Champions Cup Women,International,بین المللی,باشگاه زنان فیبا آفریقا
Basketball,BASKETBALL,بسکتبال,TKBL Women,Turkey,ترکیه,لیگ بسکتبال زنان ترکیه
Basketball,BASKETBALL,بسکتبال,Super Ligi - Playoffs,Turkey,ترکیه,سوپر لیگ- بازی های حذفی
Basketball,BASKETBALL,بسکتبال,Dameligaen Women,Denmark,دانمارک,لیگ برتر - زنان دانمارک
Basketball,BASKETBALL,بسکتبال,Korisliiga,Finland,فنلاند,کوریسلیگا
Basketball,BASKETBALL,بسکتبال,I divisioona A,Finland,فنلاند,دسته اول آ
Basketball,BASKETBALL,بسکتبال,LNB Pro A,France,فرانسه,ال ان بی پرو آ  فرانسه
Basketball,BASKETBALL,بسکتبال,Nationale 1,France,فرانسه,ناسیونال ۱
Basketball,BASKETBALL,بسکتبال,Championship U21,France,فرانسه,قهرمانی زیر ۲۱ سال
Basketball,BASKETBALL,بسکتبال,Pro B,France,فرانسه,پروبی 
Basketball,BASKETBALL,بسکتبال,Tauron Basket Liga,Poland,لهستان,لیگ تاورون
Basketball,BASKETBALL,بسکتبال,Premier league,Iceland,ایسلند,لیگ برتر ایسلند
Basketball,BASKETBALL,بسکتبال,Iceland Division 2,Iceland,ایسلند,لیگ دست دو ایسلند
Basketball,BASKETBALL,بسکتبال,Bundesliga,Germany,آلمان,بوندسگلیا آلمان
Basketball,BASKETBALL,بسکتبال,Germany Pro A,Germany,آلمان,پرو آ آلمان 
Basketball,BASKETBALL,بسکتبال,Philippines UCBL,Philippines,فیلیپین,لیگ بسکتبال یو سی بی ال فیلیپین
Basketball,BASKETBALL,بسکتبال,UAAP,Philippines,فیلیپین,یو آآپی  فیلیپین
Basketball,BASKETBALL,بسکتبال,Women League,Belgium,بلژیک,لیگ زنان
Basketball,BASKETBALL,بسکتبال,Scooore League,Belgium,بلژیک,لیگ دسته یک بلژیک 
Basketball,BASKETBALL,بسکتبال,WNBL Women,Australia,استرالیا,لیگ ملی بسکتبال زنان استرالیا
Basketball,BASKETBALL,بسکتبال,NBL,Australia,استرالیا,ان بی ال 
Basketball,BASKETBALL,بسکتبال,TNA,Argentina,آرژانتین,تی ان آ
Basketball,BASKETBALL,بسکتبال,Torneo Federal,Argentina,آرژانتین,تورنئو فدرال آرژانتین
Basketball,BASKETBALL,بسکتبال,LNB,Venezuela,ونزوئلا,ال ان بی ونزوئلا
Basketball,BASKETBALL,بسکتبال,NBA - Playoffs,United States,آمریکا,ان بی ای
Basketball,BASKETBALL,بسکتبال,NCAA March Madness,United States,آمریکا,ان سی ای ای مارچ مدنس آمریکا
Basketball,BASKETBALL,بسکتبال,NBA,United States,آمریکا,ان بی ای آمریکا
Basketball,BASKETBALL,بسکتبال,NCAA Basketball,United States,آمریکا,ان سی ای ای آمریکا
Basketball,BASKETBALL,بسکتبال,Serie A,Italy,ایتالیا,سری آ ایتالیا
Basketball,BASKETBALL,بسکتبال,Championship U20,Italy,ایتالیا,قهرمانی زیر ۲۰ سال ایتالیا
Basketball,BASKETBALL,بسکتبال,A1 Liga,Croatia,کرواسی,لیگ دسته یک کرواسی
Basketball,BASKETBALL,بسکتبال,LSB,Brazil,برزیل,ال اس بی برزیل
Basketball,BASKETBALL,بسکتبال,FPB U19 Women,Brazil,برزیل,فیبا زیر ۱۹ سال زنان برزیل
Basketball,BASKETBALL,بسکتبال,NBB,Brazil,برزیل,ان بی بی برزیل
Basketball,BASKETBALL,بسکتبال,Estonia - I league Men,Estonia,استونی,استونی-لیگ یک مردان
Basketball,BASKETBALL,بسکتبال,Meeste I Liiga,Estonia,استونی,استونی-لیگ یک مردان
Basketball,BASKETBALL,بسکتبال,Liga Uruguaya,Uruguay,اروگوئه,لیگ اروگوئه
Basketball,BASKETBALL,بسکتبال,Uruguay LRBS,Uruguay,اروگوئه,ال آر بی اس اروگوئه
Basketball,BASKETBALL,بسکتبال,Division 3,Uruguay,اروگوئه,دسته ۳ اروگوئه
Basketball,BASKETBALL,بسکتبال,Basketligan,Sweden,سوئد,لیگ برتر سوئد
Basketball,BASKETBALL,بسکتبال,Basketligan Women,Sweden,سوئد,لیگ برتر زنان سوئد
Basketball,BASKETBALL,بسکتبال,British Basketball League,England,انگلیس,لیگ بسکتبال انگلیس
Basketball,BASKETBALL,بسکتبال,B.League - B2,Japan,ژاپن,بی لیگ-بی ۲
Basketball,BASKETBALL,بسکتبال,Division 3,Japan,ژاپن,دسته ۳ ژاپن
Basketball,BASKETBALL,بسکتبال,Norway Kvinneligaen Women,Norway,نروژ,کویین لیگ زنان
Basketball,BASKETBALL,بسکتبال,LNB,Chile,شیلی,ال ان بی شیلی
Basketball,BASKETBALL,بسکتبال,Ukraine Cup,Ukraine,اوکراین,جام بسکتبال اوکراین
Basketball,BASKETBALL,بسکتبال,Division 1,Saudi Arabia,عربستان سعودی,دسته یک
Basketball,BASKETBALL,بسکتبال,LNBP,Mexico,مکزیک,ال ان بی پی
Basketball,BASKETBALL,بسکتبال,Premier League,Belarus,بلاروس,لیگ برتر
Basketball,BASKETBALL,بسکتبال,First League,Serbia,صربستان,لیگ اول
Basketball,BASKETBALL,بسکتبال,ZSL Women,Serbia,صربستان,زد اس ال زنان صربستان
Snooker,SNOOKER,اسنوکر,Champions League,International,بین المللی,لیگ قهرمانی اسنوکر
Snooker,SNOOKER,اسنوکر,The Masters,International,بین المللی,لیگ مستر اسنوکر
Snooker,SNOOKER,اسنوکر,World Games,International,بین المللی,مسابقات جهانی اسنوکر
Snooker,SNOOKER,اسنوکر,Scottish Open,International,بین المللی,اپن اسکاتلند
Snooker,SNOOKER,اسنوکر,Players Championship,International,بین المللی,پلیر چمپیون شیپ
Snooker,SNOOKER,اسنوکر,World Grand Prix,International,بین المللی,جایزه بزرگ جهان
Snooker,SNOOKER,اسنوکر,China Championship,China,چین,قهرمانی چین
Golf,GOLF,گلف,US Open,International,بین المللی,آ زاد آمریکا بین المللی
Golf,GOLF,گلف,Open Championship,International,بین المللی,آزاد قهرمانی بین المللی
Golf,GOLF,گلف,2017 US Masters,International,بین المللی,مسترس آمریکا ۲۰۱۷ بین المللی
Golf,GOLF,گلف,Ryder Cup 2018,International,بین المللی,جام رایدر ۲۰۱۸ بین المللی
Golf,GOLF,گلف,PGA Championship,International,بین المللی,قهرمانی پی جی ای بین المللی
Golf,GOLF,گلف,Race to Dubai,International,بین المللی,ریس تو دبی
Golf,GOLF,گلف,LPGA Money List,International,بین المللی,مانی لیست ال پی جی ای بین المللی
Golf,GOLF,گلف,Panasonic Open India,International,بین المللی,آزاد پاناسونیک هند
Golf,GOLF,گلف,Dunlop Phoenix,International,بین المللی,تورنومنت دانلوپ فونیکس 
Golf,GOLF,گلف,DP World Tour Championship,International,بین المللی,قهرمانی تور دی پی ورلد
Golf,GOLF,گلف,NSW Open,International,بین المللی, آزاد ان اس وی 
Golf,GOLF,گلف,Sanya Open W,International,بین المللی,سانیا آزاد زنان
Golf,GOLF,گلف,RSM Classic,International,بین المللی,آر اس ام کلاسیک 
Rugby Union,RUGBY_UNION,راگبی ۱۵ نفره,Aviva Premiership,England,انگلیس,لیگ برتر انگلیس آویوا
Rugby Union,RUGBY_UNION,راگبی ۱۵ نفره,Rugby Championship,International,بین المللی,قهرمانی راگبی 
Rugby Union,RUGBY_UNION,راگبی ۱۵ نفره,Super Rugby - Playoffs,International,بین المللی,سوپر راگبی-  پلی آف ها
Rugby Union,RUGBY_UNION,راگبی ۱۵ نفره,Super Rugby,International,بین المللی,سوپر راگبی
Rugby Union,RUGBY_UNION,راگبی ۱۵ نفره,European Champions Cup - Quarter Finals,International,بین المللی,جام قهرمانی اروپا - یک چهارم نهایی
Rugby Union,RUGBY_UNION,راگبی ۱۵ نفره,Autumn International Rugby,International,بین المللی,راگبی بین المللی پاییزه
Rugby Union,RUGBY_UNION,راگبی ۱۵ نفره,LV Anglo-Welsh Cup,International,بین المللی,جام ال وی آنگلو  ولز 
Rugby Union,RUGBY_UNION,راگبی ۱۵ نفره,Top 14,France,فرانسه,تاپ ۱۴
Baseball,BASEBALL,بیسبال,KBO,South Korea,کره جنوبی,کی بی او  کره جنوبی
Baseball,BASEBALL,بیسبال,MLB,United States,آمریکا,لیگ برتر بیسبال آمریکا
Baseball,BASEBALL,بیسبال,World Baseball Classic - Semifinal,International,بین المللی,بیسبال جهانی کلاسیک- نیمه نهایی
Volleyball,VOLLEYBALL,والیبال,Vysshaya Liga B Women,Russia,روسیه,ویشایا لیگ دست دو   زنان
Volleyball,VOLLEYBALL,والیبال,Volleyball Slovakia Extraliga,Slovakia,اسلواکی,اکسترالیگا اسلواکی
Volleyball,VOLLEYBALL,والیبال,Extraliga Women,Slovakia,اسلواکی,اکسترالیگا زنان
Volleyball,VOLLEYBALL,والیبال,PlusLiga,Poland,لهستان,پلاس لهستان
Volleyball,VOLLEYBALL,والیبال,Orlen Liga Women,Poland,لهستان,ارلن لیگا زنان
Volleyball,VOLLEYBALL,والیبال,Serie A1 Women,Italy,ایتالیا,سری آ۱ زنان
Volleyball,VOLLEYBALL,والیبال,Serie A1,Italy,ایتالیا,سری آ۱ 
Volleyball,VOLLEYBALL,والیبال,Superliga Women,Brazil,برزیل,سوپرلیگا زنان
Volleyball,VOLLEYBALL,والیبال,1. Bundesliga Women,Germany,آلمان,بوندسگلیا زنان 
Volleyball,VOLLEYBALL,والیبال,Bulgaria - Superleague Men,Bulgaria,بلغارستان,سوپرلیگا مردان - بلغارستان
Volleyball,VOLLEYBALL,والیبال,Bulgaria - Superliga Women,Bulgaria,بلغارستان,سوپرلیگا زنان- بلغارستان 
Volleyball,VOLLEYBALL,والیبال,Divizia A1 Women,Romania,رومانی,لیگ ۱ زنان
Volleyball,VOLLEYBALL,والیبال,Pro A,France,فرانسه,پرو آ
Volleyball,VOLLEYBALL,والیبال,Volleyligaen,Denmark,دانمارک,والی لیگان 
Volleyball,VOLLEYBALL,والیبال,Volleyligaen Women,Denmark,دانمارک,والی لیگان زنان
Volleyball,VOLLEYBALL,والیبال,Liga,Serbia,صربستان,لیگا
Volleyball,VOLLEYBALL,والیبال,Liga Women,Serbia,صربستان,لیگا زنان
Volleyball,VOLLEYBALL,والیبال,NLA Women,Switzerland,سوئیس,ان ال آ زنان 
Futsal,FUTSAL,فوتسال,SuperLiga,Russia,روسیه,سوپرلیگا روسیه
Futsal,FUTSAL,فوتسال,Liga Nacional,Spain,اسپانیا,لیگ ملی اسپانیا
Futsal,FUTSAL,فوتسال,Serie A,Italy,ایتالیا,سری آ ایتالیا
Futsal,FUTSAL,فوتسال,NB I,Hungary,مجارستان,لیگ برتر فوتسال مجارستان
Futsal,FUTSAL,فوتسال,Chance Futsal Liga,Czech Republic,جمهوری چک,لیگ فوتسال چنس
Handball,HANDBALL,هندبال,Liga ASOBAL,Spain,اسپانیا,هندبال لیگ اسپانیا
Handball,HANDBALL,هندبال,Division de Honor Plata,Spain,اسپانیا,دسته ده آنر پلاتا
Handball,HANDBALL,هندبال,DKB Handball - Bundesliga,Germany,آلمان,دی کی بی بوندسلیگا آلمان
Handball,HANDBALL,هندبال,2. Bundesliga,Germany,آلمان,بوندسلیگا ۲ آلمان
Handball,HANDBALL,هندبال,1. Bundesliga Women,Germany,آلمان,بوندسلیگا زنان آلمان
Handball,HANDBALL,هندبال,NLA,Switzerland,سوئیس,ان ال ای سوئیس
Handball,HANDBALL,هندبال,Champions League - Men - Group B,International,بین المللی,لیگ قهرمانان بین المللی مردان -گروه B
Handball,HANDBALL,هندبال,Champions League - Women - Group B,International,بین المللی,لیگ قهرمانان بین المللی زنان -گروه B
Handball,HANDBALL,هندبال,Champions League - Women - Group C,International,بین المللی,لیگ قهرمانان بین المللی زنان -گروه C
Handball,HANDBALL,هندبال,Champions League - Men - Group A,International,بین المللی,لیگ قهرمانان بین المللی مردان -گروه A
Handball,HANDBALL,هندبال,Champions League - Men - Group D,International,بین المللی,لیگ قهرمانان بین المللی مردان -گروه D
Handball,HANDBALL,هندبال,Champions League - Men - Group C,International,بین المللی,لیگ قهرمانان بین المللی مردان -گروه C
Handball,HANDBALL,هندبال,Champions League - Women - Group D,International,بین المللی,لیگ قهرمانان بین المللی زنان -گروه D
Handball,HANDBALL,هندبال,Champions League - Women - Group A,International,بین المللی,لیگ قهرمانان بین المللی زنان -گروه A
Handball,HANDBALL,هندبال,EHF Cup - Men,International,بین المللی,جام ای اچ اف مردان 
Handball,HANDBALL,هندبال,World Championship - Men - Quarter Finals,International,بین المللی,قهرمانی جهان مردان مرحله یک چهارم نهایی 
Handball,HANDBALL,هندبال,World Championship - Men - Semi Finals,International,بین المللی,قهرمانی جهان مردان مرحله یک نیمه نهایی 
Handball,HANDBALL,هندبال,Champions League - Men - Final,International,بین المللی,لیگ قهرمانان مردان فینال
Handball,HANDBALL,هندبال,Champions League - Men - Semi Finals,International,بین المللی,لیگ قهرمانان مردان نیمه نهایی
Handball,HANDBALL,هندبال,EHF Cup - Women,International,بین المللی,جام هندبال زنان اروپا
Handball,HANDBALL,هندبال,Challenge Cup Women,International,بین المللی,جام چلنجر زنان 
Handball,HANDBALL,هندبال,Elit Serien,Sweden,سوئد,سوئد - لیگ برتر
Handball,HANDBALL,هندبال,Allsvenskan,Sweden,سوئد,آلسونسکان
Handball,HANDBALL,هندبال,Division 1 Södra,Sweden,سوئد,دست یک جنوبی
Handball,HANDBALL,هندبال,Division 1 Norra,Sweden,سوئد,دست یک شمالی
Handball,HANDBALL,هندبال,Allsvenskan Women,Sweden,سوئد,آلسونسکان زنان
Handball,HANDBALL,هندبال,Czech Handball Extraliga,Czech Republic,جمهوری چک,اکسترا لیگا جمهوری چک
Handball,HANDBALL,هندبال,HLA,Austria,اتریش,اچ ال ای 
Handball,HANDBALL,هندبال,888ligaen,Denmark,دانمارک,لیگ دانمارک
Handball,HANDBALL,هندبال,1. Division,Denmark,دانمارک,لیگ دسته اول 
Handball,HANDBALL,هندبال,Grundigligaen,Norway,نروژ,گراندیگ لیگا
Handball,HANDBALL,هندبال,Grundigligaen women,Norway,نروژ,گراندیگ لیگا بانوان
Handball,HANDBALL,هندبال,Liga Nationala,Romania,رومانی,ناسیونال
Handball,HANDBALL,هندبال,Miesten SM-Liiga,Finland,فنلاند,میستن اس ام لیگا
Handball,HANDBALL,هندبال,A1,Greece,یونان,آ۱
Handball,HANDBALL,هندبال,Superlig,Turkey,ترکیه,سوپرلیگ ترکیه
Handball,HANDBALL,هندبال,NB I,Hungary,مجارستان,ان بی ۱ مجارستان
Handball,HANDBALL,هندبال,NB I Women,Hungary,مجارستان,ان بی ۱  زنان مجارستان
Handball,HANDBALL,هندبال,PGNiG Superliga,Poland,لهستان,سوپرلیگ
Handball,HANDBALL,هندبال,Ekstraklasa  Women,Poland,لهستان,اکستراکلاسا زنان
Handball,HANDBALL,هندبال,Superleague Women,Russia,روسیه,سوپرلیگ زنان روسیه
Handball,HANDBALL,هندبال,Cup,Estonia,استونی,جام استونی
Handball,HANDBALL,هندبال,Extraliga,Slovakia,اسلواکی,اکسترالیگا
Handball,HANDBALL,هندبال,1. NLB Liga,Slovenia,اسلوونی,لیگ ۱ ان ال بی
Handball,HANDBALL,هندبال,Championship,Algeria,الجزایر,قهرمانی الجزایر
Ice Hockey,ICE_HOCKEY,هاکی روی یخ ,NLA,Switzerland,سوئیس,لیگ ملی آ سوئیس
Ice Hockey,ICE_HOCKEY,هاکی روی یخ ,Ice Hockey Extraliga,Czech Republic,جمهوری چک,اکسترالیگا آیس هاکی
Ice Hockey,ICE_HOCKEY,هاکی روی یخ ,1. Liga,Czech Republic,جمهوری چک,لیگ ۱ جمهوری چک
Ice Hockey,ICE_HOCKEY,هاکی روی یخ ,VHL,Russia,روسیه,وی اچ ال روسیه
Ice Hockey,ICE_HOCKEY,هاکی روی یخ ,KHL,Russia,روسیه,کی اچ ال روسیه 
Ice Hockey,ICE_HOCKEY,هاکی روی یخ ,MHL,Russia,روسیه,ام اچ ال روسیه
Ice Hockey,ICE_HOCKEY,هاکی روی یخ ,Liiga,Finland,فنلاند,لیگا فنلاند
Ice Hockey,ICE_HOCKEY,هاکی روی یخ ,Mestis,Finland,فنلاند,مستیس فنلاند
Ice Hockey,ICE_HOCKEY,هاکی روی یخ ,DEL2,Germany,آلمان,دل ۲ آلمان
Ice Hockey,ICE_HOCKEY,هاکی روی یخ ,DEL,Germany,آلمان,دل آلمان
Ice Hockey,ICE_HOCKEY,هاکی روی یخ ,Get-ligaen,Norway,نروژ,گت لیگائن نروژ
Ice Hockey,ICE_HOCKEY,هاکی روی یخ ,Metal Ligaen,Denmark,دانمارک,متال لیگائن دانمارک
Ice Hockey,ICE_HOCKEY,هاکی روی یخ ,EBEL,Austria,اتریش,ابل اتریش
Ice Hockey,ICE_HOCKEY,هاکی روی یخ ,Alps Hockey League,Austria,اتریش,لیگ آلپ
Ice Hockey,ICE_HOCKEY,هاکی روی یخ ,Tipsport Liga,Slovakia,اسلواکی,تیپ اسپورت لیگا اسلواکی
Ice Hockey,ICE_HOCKEY,هاکی روی یخ ,1. Liga,Slovakia,اسلواکی,لیگ ۱
Ice Hockey,ICE_HOCKEY,هاکی روی یخ ,HockeyAllsvenskan,Sweden,سوئد,هاکی آلسونسکان
Ice Hockey,ICE_HOCKEY,هاکی روی یخ ,SHL,Sweden,سوئد,اس اچ ال
Ice Hockey,ICE_HOCKEY,هاکی روی یخ ,NHL,United States,آمریکا,ان اچ ال
Ice Hockey,ICE_HOCKEY,هاکی روی یخ ,Ligue Magnus,France,فرانسه,لیگ ماگنوس
Ice Hockey,ICE_HOCKEY,هاکی روی یخ ,Polish Hockey League,Poland,لهستان,لیگ هاکی لهستان
Floorball,FLOORBALL,فلوربال,Superligan,Sweden,سوئد,سوپرلیگان سوئد
Floorball,FLOORBALL,فلوربال,Allsvenskan Sodra,Sweden,سوئد,آلسونسکان جنوب
Floorball,FLOORBALL,فلوربال,Allsvenskan Norra,Sweden,سوئد,آلسونسکان شمال
Floorball,FLOORBALL,فلوربال,Elitserien Women,Sweden,سوئد, بانوان الیت سرین
Floorball,FLOORBALL,فلوربال,Floorball Extraliga CZ,Czech Republic,جمهوری چک,اکسترالیگا جمهوری چک
Floorball,FLOORBALL,فلوربال,Unihoc Ligaen,Denmark,دانمارک,لیگا یونی هوک
Floorball,FLOORBALL,فلوربال,Salibandyliiga,Finland,فنلاند,سالی بندی لیگا
Badminton,BADMINTON,بدمینتون,World Championships Women,International,بین المللی,قهرمانی بدمینتون زنان جهان 
Badminton,BADMINTON,بدمینتون,Tahoe China Open Doubles,China,چین,اپن تاهو چین دابل
Badminton,BADMINTON,بدمینتون,Tahoe China Open Women Doubles,China,چین,اپن تاهو چین دابل زنان
Darts,DARTS,دارت,European Tour 6,International,بین المللی,تور ۶ اروپا
Darts,DARTS,دارت,World Championship Women,International,بین المللی,قهرمانی زنان 
Darts,DARTS,دارت,BDO World Championship,International,بین المللی,قهرمانی جهانی بی دی او 
Darts,DARTS,دارت,European Championship,International,بین المللی,قهرمانی اروپا 
Darts,DARTS,دارت,Grand Slam - Play Offs,International,بین المللی,گرند اسلم- دور حذفی
Rugby League,RUGBY_LEAGUE,راگبی ۱۳ نفره,World Cup,International,بین المللی,جام جهانی 
Rugby League,RUGBY_LEAGUE,راگبی ۱۳ نفره,Rugby League World Cup - Quarter Finals,International,بین المللی,جام جهانی راگبی- یک چهارم نهایی
Rugby League,RUGBY_LEAGUE,راگبی ۱۳ نفره,Auckland Nines,Australia,استرالیا,اوکلند ناینز استرالی
Rugby League,RUGBY_LEAGUE,راگبی ۱۳ نفره,NRL,Australia,استرالیا,ان آر ال 
Table tennis,TABLE_TENNIS,تنیس روی میز,ITTF Swedish Open Women,Sweden,سوئد,فدراسیون بین المللی آزاد زنان سوئد
Table tennis,TABLE_TENNIS,تنیس روی میز,ITTF Swedish Open,Sweden,سوئد,فدراسیون بین المللی آزاد سوئد
Boxing,BOXING,بوکس,Upcoming Fights,International,بین المللی,رقابت های پیش رو
Boxing,BOXING,بوکس,UFC,International,بین المللی,یو اف سی
American Football,AMERICAN_FOOTBALL,فوتبال آمریکایی,CFL,Canada,کانادا,لیگ کانادا
American Football,AMERICAN_FOOTBALL,فوتبال آمریکایی,NCAA Football,United States,آمریکا,ان سی آآ فوتبال آمریکایی 
American Football,AMERICAN_FOOTBALL,فوتبال آمریکایی,NFL,United States,آمریکا,لیگ ملی فوتبال آمریکایی (ان اف ال)
Cricket,CRICKET,کریکت,One Day International Series,International,بین المللی,سری بین المللی یک روزه
Cricket,CRICKET,کریکت,ICC World Cup Women,International,بین المللی,جام جهانی آی سی سی زنان
Cricket,CRICKET,کریکت,ICC Champions Trophy - Semi Finals,England,انگلیس,جام قهرمانی آی سی سی- نیمه نهایی
Cricket,CRICKET,کریکت,Premier League,India,هند,لیگ برتر هند
Cricket,CRICKET,کریکت,Ford Trophy,New Zealand,نیوزیلند,فورد تراپی
Cricket,CRICKET,کریکت,BPL T20,Bangladesh,بنگلادش,لیگ برتر بنگلادش تی۲۰
Cricket,CRICKET,کریکت,CSA T20 Challenge,South Africa,آفریقا جنوبی,سی اس ای چلنج تی ۲۰
E-Games,ESPORTS,بازی های الکترونیکی,Dota 2. Prodota Cup,International,بین المللی,Dota 2. Prodota Cup
E-Games,ESPORTS,بازی های الکترونیکی,CS:GO. Gfinity League,International,بین المللی,CS:GO. Gfinity League
E-Games,ESPORTS,بازی های الکترونیکی,Dota 2. JoinDota League,International,بین المللی,Dota 2. JoinDota League
E-Games,ESPORTS,بازی های الکترونیکی,Rocket League. Gfinity Elite Series,International,بین المللی,Rocket League. Gfinity Elite Series
E-Games,ESPORTS,بازی های الکترونیکی,CS:GO. CEVO,International,بین المللی,CS:GO. CEVO
E-Games,ESPORTS,بازی های الکترونیکی,CS:GO. Legend Series,International,بین المللی,CS:GO. Legend Series
E-Games,ESPORTS,بازی های الکترونیکی,CS:GO. IEM,International,بین المللی,CS:GO. IEM
E-Games,ESPORTS,بازی های الکترونیکی,World of Tanks. Wargaming League,International,بین المللی,World of Tanks. Wargaming League
E-Games,ESPORTS,بازی های الکترونیکی,Dota 2. Midas Mode,International,بین المللی,Dota 2. Midas Mode
E-Games,ESPORTS,بازی های الکترونیکی,CS:GO. Play2Live,International,بین المللی,CS:GO. Play2Live